image_name,target
ISIC_0052060,-4.447773
ISIC_0052349,-6.154613
ISIC_0058510,-4.830698
ISIC_0073313,-4.3561063
ISIC_0073502,-1.1606526
ISIC_0074618,-4.437928
ISIC_0076801,-5.059596
ISIC_0077586,-2.9263756
ISIC_0082004,-1.4111587
ISIC_0085332,-6.7261186
ISIC_0087243,-6.3273525
ISIC_0088167,-2.2122324
ISIC_0089356,-4.5047956
ISIC_0090283,-2.3127334
ISIC_0092481,-3.8821938
ISIC_0095455,-2.738815
ISIC_0095790,-6.416643
ISIC_0097719,-3.7468474
ISIC_0099348,-1.407218
